image,class_id,segmentation_rle
test_00000.JPEG,0,0
test_00001.JPEG,0,0
test_00002.JPEG,0,0
test_00003.JPEG,0,0
test_00004.JPEG,0,0
test_00005.JPEG,0,0
test_00006.JPEG,0,0
test_00007.JPEG,0,0
test_00008.JPEG,0,0
test_00009.JPEG,0,0
test_00010.JPEG,0,0
test_00011.JPEG,0,0
test_00012.JPEG,0,0
test_00013.JPEG,0,0
test_00014.JPEG,0,0
test_00015.JPEG,0,0
test_00016.JPEG,0,0
test_00017.JPEG,0,0
test_00018.JPEG,0,0
test_00019.JPEG,0,0
test_00020.JPEG,0,0
test_00021.JPEG,0,0
test_00022.JPEG,0,0
test_00023.JPEG,0,0
test_00024.JPEG,0,0
test_00025.JPEG,0,0
test_00026.JPEG,0,0
test_00027.JPEG,0,0
test_00028.JPEG,0,0
test_00029.JPEG,0,0
test_00030.JPEG,0,0
test_00031.JPEG,0,0
test_00032.JPEG,0,0
test_00033.JPEG,0,0
test_00034.JPEG,0,0
test_00035.JPEG,0,0
test_00036.JPEG,0,0
test_00037.JPEG,0,0
test_00038.JPEG,0,0
test_00039.JPEG,0,0
test_00040.JPEG,0,0
test_00041.JPEG,0,0
test_00042.JPEG,0,0
test_00043.JPEG,0,0
test_00044.JPEG,0,0
test_00045.JPEG,0,0
test_00046.JPEG,0,0
test_00047.JPEG,0,0
test_00048.JPEG,0,0
test_00049.JPEG,0,0
test_00050.JPEG,0,0
test_00051.JPEG,0,0
test_00052.JPEG,0,0
test_00053.JPEG,0,0
test_00054.JPEG,0,0
test_00055.JPEG,0,0
test_00056.JPEG,0,0
test_00057.JPEG,0,0
test_00058.JPEG,0,0
test_00059.JPEG,0,0
test_00060.JPEG,0,0
test_00061.JPEG,0,0
test_00062.JPEG,0,0
test_00063.JPEG,0,0
test_00064.JPEG,0,0
test_00065.JPEG,0,0
test_00066.JPEG,0,0
test_00067.JPEG,0,0
test_00068.JPEG,0,0
test_00069.JPEG,0,0
test_00070.JPEG,0,0
test_00071.JPEG,0,0
test_00072.JPEG,0,0
test_00073.JPEG,0,0
test_00074.JPEG,0,0
test_00075.JPEG,0,0
test_00076.JPEG,0,0
test_00077.JPEG,0,0
test_00078.JPEG,0,0
test_00079.JPEG,0,0
test_00080.JPEG,0,0
test_00081.JPEG,0,0
test_00082.JPEG,0,0
test_00083.JPEG,0,0
test_00084.JPEG,0,0
test_00085.JPEG,0,0
test_00086.JPEG,0,0
test_00087.JPEG,0,0
test_00088.JPEG,0,0
test_00089.JPEG,0,0
test_00090.JPEG,0,0
test_00091.JPEG,0,0
test_00092.JPEG,0,0
test_00093.JPEG,0,0
test_00094.JPEG,0,0
test_00095.JPEG,0,0
test_00096.JPEG,0,0
test_00097.JPEG,0,0
test_00098.JPEG,0,0
test_00099.JPEG,0,0
test_00100.JPEG,0,0
test_00101.JPEG,0,0
test_00102.JPEG,0,0
test_00103.JPEG,0,0
test_00104.JPEG,0,0
test_00105.JPEG,0,0
test_00106.JPEG,0,0
test_00107.JPEG,0,0
test_00108.JPEG,0,0
test_00109.JPEG,0,0
test_00110.JPEG,0,0
test_00111.JPEG,0,0
test_00112.JPEG,0,0
test_00113.JPEG,0,0
test_00114.JPEG,0,0
test_00115.JPEG,0,0
test_00116.JPEG,0,0
test_00117.JPEG,0,0
test_00118.JPEG,0,0
test_00119.JPEG,0,0
test_00120.JPEG,0,0
test_00121.JPEG,0,0
test_00122.JPEG,0,0
test_00123.JPEG,0,0
test_00124.JPEG,0,0
test_00125.JPEG,0,0
test_00126.JPEG,0,0
test_00127.JPEG,0,0
test_00128.JPEG,0,0
test_00129.JPEG,0,0
test_00130.JPEG,0,0
test_00131.JPEG,0,0
test_00132.JPEG,0,0
test_00133.JPEG,0,0
test_00134.JPEG,0,0
test_00135.JPEG,0,0
test_00136.JPEG,0,0
test_00137.JPEG,0,0
test_00138.JPEG,0,0
test_00139.JPEG,0,0
test_00140.JPEG,0,0
test_00141.JPEG,0,0
test_00142.JPEG,0,0
test_00143.JPEG,0,0
test_00144.JPEG,0,0
test_00145.JPEG,0,0
test_00146.JPEG,0,0
test_00147.JPEG,0,0
test_00148.JPEG,0,0
test_00149.JPEG,0,0
test_00150.JPEG,0,0
test_00151.JPEG,0,0
test_00152.JPEG,0,0
test_00153.JPEG,0,0
test_00154.JPEG,0,0
test_00155.JPEG,0,0
test_00156.JPEG,0,0
test_00157.JPEG,0,0
test_00158.JPEG,0,0
test_00159.JPEG,0,0
test_00160.JPEG,0,0
test_00161.JPEG,0,0
test_00162.JPEG,0,0
test_00163.JPEG,0,0
test_00164.JPEG,0,0
test_00165.JPEG,0,0
test_00166.JPEG,0,0
test_00167.JPEG,0,0
test_00168.JPEG,0,0
test_00169.JPEG,0,0
test_00170.JPEG,0,0
test_00171.JPEG,0,0
test_00172.JPEG,0,0
test_00173.JPEG,0,0
test_00174.JPEG,0,0
test_00175.JPEG,0,0
test_00176.JPEG,0,0
test_00177.JPEG,0,0
test_00178.JPEG,0,0
test_00179.JPEG,0,0
test_00180.JPEG,0,0
test_00181.JPEG,0,0
test_00182.JPEG,0,0
test_00183.JPEG,0,0
test_00184.JPEG,0,0
test_00185.JPEG,0,0
test_00186.JPEG,0,0
test_00187.JPEG,0,0
test_00188.JPEG,0,0
test_00189.JPEG,0,0
test_00190.JPEG,0,0
test_00191.JPEG,0,0
test_00192.JPEG,0,0
test_00193.JPEG,0,0
test_00194.JPEG,0,0
test_00195.JPEG,0,0
test_00196.JPEG,0,0
test_00197.JPEG,0,0
test_00198.JPEG,0,0
test_00199.JPEG,0,0
test_00200.JPEG,0,0
test_00201.JPEG,0,0
test_00202.JPEG,0,0
test_00203.JPEG,0,0
test_00204.JPEG,0,0
test_00205.JPEG,0,0
test_00206.JPEG,0,0
test_00207.JPEG,0,0
test_00208.JPEG,0,0
test_00209.JPEG,0,0
test_00210.JPEG,0,0
test_00211.JPEG,0,0
test_00212.JPEG,0,0
test_00213.JPEG,0,0
test_00214.JPEG,0,0
test_00215.JPEG,0,0
test_00216.JPEG,0,0
test_00217.JPEG,0,0
test_00218.JPEG,0,0
test_00219.JPEG,0,0
test_00220.JPEG,0,0
test_00221.JPEG,0,0
test_00222.JPEG,0,0
test_00223.JPEG,0,0
test_00224.JPEG,0,0
test_00225.JPEG,0,0
test_00226.JPEG,0,0
test_00227.JPEG,0,0
test_00228.JPEG,0,0
test_00229.JPEG,0,0
test_00230.JPEG,0,0
test_00231.JPEG,0,0
test_00232.JPEG,0,0
test_00233.JPEG,0,0
test_00234.JPEG,0,0
test_00235.JPEG,0,0
test_00236.JPEG,0,0
test_00237.JPEG,0,0
test_00238.JPEG,0,0
test_00239.JPEG,0,0
test_00240.JPEG,0,0
test_00241.JPEG,0,0
test_00242.JPEG,0,0
test_00243.JPEG,0,0
test_00244.JPEG,0,0
test_00245.JPEG,0,0
test_00246.JPEG,0,0
test_00247.JPEG,0,0
test_00248.JPEG,0,0
test_00249.JPEG,0,0
test_00250.JPEG,0,0
test_00251.JPEG,0,0
test_00252.JPEG,0,0
test_00253.JPEG,0,0
test_00254.JPEG,0,0
test_00255.JPEG,0,0
test_00256.JPEG,0,0
test_00257.JPEG,0,0
test_00258.JPEG,0,0
test_00259.JPEG,0,0
test_00260.JPEG,0,0
test_00261.JPEG,0,0
test_00262.JPEG,0,0
test_00263.JPEG,0,0
test_00264.JPEG,0,0
test_00265.JPEG,0,0
test_00266.JPEG,0,0
test_00267.JPEG,0,0
test_00268.JPEG,0,0
test_00269.JPEG,0,0
test_00270.JPEG,0,0
test_00271.JPEG,0,0
test_00272.JPEG,0,0
test_00273.JPEG,0,0
test_00274.JPEG,0,0
test_00275.JPEG,0,0
test_00276.JPEG,0,0
test_00277.JPEG,0,0
test_00278.JPEG,0,0
test_00279.JPEG,0,0
test_00280.JPEG,0,0
test_00281.JPEG,0,0
test_00282.JPEG,0,0
test_00283.JPEG,0,0
test_00284.JPEG,0,0
test_00285.JPEG,0,0
test_00286.JPEG,0,0
test_00287.JPEG,0,0
test_00288.JPEG,0,0
test_00289.JPEG,0,0
test_00290.JPEG,0,0
test_00291.JPEG,0,0
test_00292.JPEG,0,0
test_00293.JPEG,0,0
test_00294.JPEG,0,0
test_00295.JPEG,0,0
test_00296.JPEG,0,0
test_00297.JPEG,0,0
test_00298.JPEG,0,0
test_00299.JPEG,0,0
test_00300.JPEG,0,0
test_00301.JPEG,0,0
test_00302.JPEG,0,0
test_00303.JPEG,0,0
test_00304.JPEG,0,0
test_00305.JPEG,0,0
test_00306.JPEG,0,0
test_00307.JPEG,0,0
test_00308.JPEG,0,0
test_00309.JPEG,0,0
test_00310.JPEG,0,0
test_00311.JPEG,0,0
test_00312.JPEG,0,0
test_00313.JPEG,0,0
test_00314.JPEG,0,0
test_00315.JPEG,0,0
test_00316.JPEG,0,0
test_00317.JPEG,0,0
test_00318.JPEG,0,0
test_00319.JPEG,0,0
test_00320.JPEG,0,0
test_00321.JPEG,0,0
test_00322.JPEG,0,0
test_00323.JPEG,0,0
test_00324.JPEG,0,0
test_00325.JPEG,0,0
test_00326.JPEG,0,0
test_00327.JPEG,0,0
test_00328.JPEG,0,0
test_00329.JPEG,0,0
test_00330.JPEG,0,0
test_00331.JPEG,0,0
test_00332.JPEG,0,0
test_00333.JPEG,0,0
test_00334.JPEG,0,0
test_00335.JPEG,0,0
test_00336.JPEG,0,0
test_00337.JPEG,0,0
test_00338.JPEG,0,0
test_00339.JPEG,0,0
test_00340.JPEG,0,0
test_00341.JPEG,0,0
test_00342.JPEG,0,0
test_00343.JPEG,0,0
test_00344.JPEG,0,0
test_00345.JPEG,0,0
test_00346.JPEG,0,0
test_00347.JPEG,0,0
test_00348.JPEG,0,0
test_00349.JPEG,0,0
test_00350.JPEG,0,0
test_00351.JPEG,0,0
test_00352.JPEG,0,0
test_00353.JPEG,0,0
test_00354.JPEG,0,0
test_00355.JPEG,0,0
test_00356.JPEG,0,0
test_00357.JPEG,0,0
test_00358.JPEG,0,0
test_00359.JPEG,0,0
test_00360.JPEG,0,0
test_00361.JPEG,0,0
test_00362.JPEG,0,0
test_00363.JPEG,0,0
test_00364.JPEG,0,0
test_00365.JPEG,0,0
test_00366.JPEG,0,0
test_00367.JPEG,0,0
test_00368.JPEG,0,0
test_00369.JPEG,0,0
test_00370.JPEG,0,0
test_00371.JPEG,0,0
test_00372.JPEG,0,0
test_00373.JPEG,0,0
test_00374.JPEG,0,0
test_00375.JPEG,0,0
test_00376.JPEG,0,0
test_00377.JPEG,0,0
test_00378.JPEG,0,0
test_00379.JPEG,0,0
test_00380.JPEG,0,0
test_00381.JPEG,0,0
test_00382.JPEG,0,0
test_00383.JPEG,0,0
test_00384.JPEG,0,0
test_00385.JPEG,0,0
test_00386.JPEG,0,0
test_00387.JPEG,0,0
test_00388.JPEG,0,0
test_00389.JPEG,0,0
test_00390.JPEG,0,0
test_00391.JPEG,0,0
test_00392.JPEG,0,0
test_00393.JPEG,0,0
test_00394.JPEG,0,0
test_00395.JPEG,0,0
test_00396.JPEG,0,0
test_00397.JPEG,0,0
test_00398.JPEG,0,0
test_00399.JPEG,0,0
test_00400.JPEG,0,0
test_00401.JPEG,0,0
test_00402.JPEG,0,0
test_00403.JPEG,0,0
test_00404.JPEG,0,0
test_00405.JPEG,0,0
test_00406.JPEG,0,0
test_00407.JPEG,0,0
test_00408.JPEG,0,0
test_00409.JPEG,0,0
test_00410.JPEG,0,0
test_00411.JPEG,0,0
test_00412.JPEG,0,0
test_00413.JPEG,0,0
test_00414.JPEG,0,0
test_00415.JPEG,0,0
test_00416.JPEG,0,0
test_00417.JPEG,0,0
test_00418.JPEG,0,0
test_00419.JPEG,0,0
test_00420.JPEG,0,0
test_00421.JPEG,0,0
test_00422.JPEG,0,0
test_00423.JPEG,0,0
test_00424.JPEG,0,0
test_00425.JPEG,0,0
test_00426.JPEG,0,0
test_00427.JPEG,0,0
test_00428.JPEG,0,0
test_00429.JPEG,0,0
test_00430.JPEG,0,0
test_00431.JPEG,0,0
test_00432.JPEG,0,0
test_00433.JPEG,0,0
test_00434.JPEG,0,0
test_00435.JPEG,0,0
test_00436.JPEG,0,0
test_00437.JPEG,0,0
test_00438.JPEG,0,0
test_00439.JPEG,0,0
test_00440.JPEG,0,0
test_00441.JPEG,0,0
test_00442.JPEG,0,0
test_00443.JPEG,0,0
test_00444.JPEG,0,0
test_00445.JPEG,0,0
test_00446.JPEG,0,0
test_00447.JPEG,0,0
test_00448.JPEG,0,0
test_00449.JPEG,0,0
test_00450.JPEG,0,0
test_00451.JPEG,0,0
test_00452.JPEG,0,0
test_00453.JPEG,0,0
test_00454.JPEG,0,0
test_00455.JPEG,0,0
test_00456.JPEG,0,0
test_00457.JPEG,0,0
test_00458.JPEG,0,0
test_00459.JPEG,0,0
test_00460.JPEG,0,0
test_00461.JPEG,0,0
test_00462.JPEG,0,0
test_00463.JPEG,0,0
test_00464.JPEG,0,0
test_00465.JPEG,0,0
test_00466.JPEG,0,0
test_00467.JPEG,0,0
test_00468.JPEG,0,0
test_00469.JPEG,0,0
test_00470.JPEG,0,0
test_00471.JPEG,0,0
test_00472.JPEG,0,0
test_00473.JPEG,0,0
test_00474.JPEG,0,0
test_00475.JPEG,0,0
test_00476.JPEG,0,0
test_00477.JPEG,0,0
test_00478.JPEG,0,0
test_00479.JPEG,0,0
test_00480.JPEG,0,0
test_00481.JPEG,0,0
test_00482.JPEG,0,0
test_00483.JPEG,0,0
test_00484.JPEG,0,0
test_00485.JPEG,0,0
test_00486.JPEG,0,0
test_00487.JPEG,0,0
test_00488.JPEG,0,0
test_00489.JPEG,0,0
test_00490.JPEG,0,0
test_00491.JPEG,0,0
test_00492.JPEG,0,0
test_00493.JPEG,0,0
test_00494.JPEG,0,0
test_00495.JPEG,0,0
test_00496.JPEG,0,0
test_00497.JPEG,0,0
test_00498.JPEG,0,0
test_00499.JPEG,0,0
test_00500.JPEG,0,0
test_00501.JPEG,0,0
test_00502.JPEG,0,0
test_00503.JPEG,0,0
test_00504.JPEG,0,0
test_00505.JPEG,0,0
test_00506.JPEG,0,0
test_00507.JPEG,0,0
test_00508.JPEG,0,0
test_00509.JPEG,0,0
test_00510.JPEG,0,0
test_00511.JPEG,0,0
test_00512.JPEG,0,0
test_00513.JPEG,0,0
test_00514.JPEG,0,0
test_00515.JPEG,0,0
test_00516.JPEG,0,0
test_00517.JPEG,0,0
test_00518.JPEG,0,0
test_00519.JPEG,0,0
test_00520.JPEG,0,0
test_00521.JPEG,0,0
test_00522.JPEG,0,0
test_00523.JPEG,0,0
test_00524.JPEG,0,0
test_00525.JPEG,0,0
test_00526.JPEG,0,0
test_00527.JPEG,0,0
test_00528.JPEG,0,0
test_00529.JPEG,0,0
test_00530.JPEG,0,0
test_00531.JPEG,0,0
test_00532.JPEG,0,0
test_00533.JPEG,0,0
test_00534.JPEG,0,0
test_00535.JPEG,0,0
test_00536.JPEG,0,0
test_00537.JPEG,0,0
test_00538.JPEG,0,0
test_00539.JPEG,0,0
test_00540.JPEG,0,0
test_00541.JPEG,0,0
test_00542.JPEG,0,0
test_00543.JPEG,0,0
test_00544.JPEG,0,0
test_00545.JPEG,0,0
test_00546.JPEG,0,0
test_00547.JPEG,0,0
test_00548.JPEG,0,0
test_00549.JPEG,0,0
test_00550.JPEG,0,0
test_00551.JPEG,0,0
test_00552.JPEG,0,0
test_00553.JPEG,0,0
test_00554.JPEG,0,0
test_00555.JPEG,0,0
test_00556.JPEG,0,0
test_00557.JPEG,0,0
test_00558.JPEG,0,0
test_00559.JPEG,0,0
test_00560.JPEG,0,0
test_00561.JPEG,0,0
test_00562.JPEG,0,0
test_00563.JPEG,0,0
test_00564.JPEG,0,0
test_00565.JPEG,0,0
test_00566.JPEG,0,0
test_00567.JPEG,0,0
test_00568.JPEG,0,0
test_00569.JPEG,0,0
test_00570.JPEG,0,0
test_00571.JPEG,0,0
test_00572.JPEG,0,0
test_00573.JPEG,0,0
test_00574.JPEG,0,0
test_00575.JPEG,0,0
test_00576.JPEG,0,0
test_00577.JPEG,0,0
test_00578.JPEG,0,0
test_00579.JPEG,0,0
test_00580.JPEG,0,0
test_00581.JPEG,0,0
test_00582.JPEG,0,0
test_00583.JPEG,0,0
test_00584.JPEG,0,0
test_00585.JPEG,0,0
test_00586.JPEG,0,0
test_00587.JPEG,0,0
test_00588.JPEG,0,0
test_00589.JPEG,0,0
test_00590.JPEG,0,0
test_00591.JPEG,0,0
test_00592.JPEG,0,0
test_00593.JPEG,0,0
test_00594.JPEG,0,0
test_00595.JPEG,0,0
test_00596.JPEG,0,0
test_00597.JPEG,0,0
test_00598.JPEG,0,0
test_00599.JPEG,0,0
test_00600.JPEG,0,0
test_00601.JPEG,0,0
test_00602.JPEG,0,0
test_00603.JPEG,0,0
test_00604.JPEG,0,0
test_00605.JPEG,0,0
test_00606.JPEG,0,0
test_00607.JPEG,0,0
test_00608.JPEG,0,0
test_00609.JPEG,0,0
test_00610.JPEG,0,0
test_00611.JPEG,0,0
test_00612.JPEG,0,0
test_00613.JPEG,0,0
test_00614.JPEG,0,0
test_00615.JPEG,0,0
test_00616.JPEG,0,0
test_00617.JPEG,0,0
test_00618.JPEG,0,0
test_00619.JPEG,0,0
test_00620.JPEG,0,0
test_00621.JPEG,0,0
test_00622.JPEG,0,0
test_00623.JPEG,0,0
test_00624.JPEG,0,0
test_00625.JPEG,0,0
test_00626.JPEG,0,0
test_00627.JPEG,0,0
test_00628.JPEG,0,0
test_00629.JPEG,0,0
test_00630.JPEG,0,0
test_00631.JPEG,0,0
test_00632.JPEG,0,0
test_00633.JPEG,0,0
test_00634.JPEG,0,0
test_00635.JPEG,0,0
test_00636.JPEG,0,0
test_00637.JPEG,0,0
test_00638.JPEG,0,0
test_00639.JPEG,0,0
test_00640.JPEG,0,0
test_00641.JPEG,0,0
test_00642.JPEG,0,0
test_00643.JPEG,0,0
test_00644.JPEG,0,0
test_00645.JPEG,0,0
test_00646.JPEG,0,0
test_00647.JPEG,0,0
test_00648.JPEG,0,0
test_00649.JPEG,0,0
test_00650.JPEG,0,0
test_00651.JPEG,0,0
test_00652.JPEG,0,0
test_00653.JPEG,0,0
test_00654.JPEG,0,0
test_00655.JPEG,0,0
test_00656.JPEG,0,0
test_00657.JPEG,0,0
test_00658.JPEG,0,0
test_00659.JPEG,0,0
test_00660.JPEG,0,0
test_00661.JPEG,0,0
test_00662.JPEG,0,0
test_00663.JPEG,0,0
test_00664.JPEG,0,0
test_00665.JPEG,0,0
test_00666.JPEG,0,0
test_00667.JPEG,0,0
test_00668.JPEG,0,0
test_00669.JPEG,0,0
test_00670.JPEG,0,0
test_00671.JPEG,0,0
test_00672.JPEG,0,0
test_00673.JPEG,0,0
test_00674.JPEG,0,0
test_00675.JPEG,0,0
test_00676.JPEG,0,0
test_00677.JPEG,0,0
test_00678.JPEG,0,0
test_00679.JPEG,0,0
test_00680.JPEG,0,0
test_00681.JPEG,0,0
test_00682.JPEG,0,0
test_00683.JPEG,0,0
test_00684.JPEG,0,0
test_00685.JPEG,0,0
test_00686.JPEG,0,0
test_00687.JPEG,0,0
test_00688.JPEG,0,0
test_00689.JPEG,0,0
test_00690.JPEG,0,0
test_00691.JPEG,0,0
test_00692.JPEG,0,0
test_00693.JPEG,0,0
test_00694.JPEG,0,0
test_00695.JPEG,0,0
test_00696.JPEG,0,0
test_00697.JPEG,0,0
test_00698.JPEG,0,0
test_00699.JPEG,0,0
test_00700.JPEG,0,0
test_00701.JPEG,0,0
test_00702.JPEG,0,0
test_00703.JPEG,0,0
test_00704.JPEG,0,0
test_00705.JPEG,0,0
test_00706.JPEG,0,0
test_00707.JPEG,0,0
test_00708.JPEG,0,0
test_00709.JPEG,0,0
test_00710.JPEG,0,0
test_00711.JPEG,0,0
test_00712.JPEG,0,0
test_00713.JPEG,0,0
test_00714.JPEG,0,0
test_00715.JPEG,0,0
test_00716.JPEG,0,0
test_00717.JPEG,0,0
test_00718.JPEG,0,0
test_00719.JPEG,0,0
test_00720.JPEG,0,0
test_00721.JPEG,0,0
test_00722.JPEG,0,0
test_00723.JPEG,0,0
test_00724.JPEG,0,0
test_00725.JPEG,0,0
test_00726.JPEG,0,0
test_00727.JPEG,0,0
test_00728.JPEG,0,0
test_00729.JPEG,0,0
test_00730.JPEG,0,0
test_00731.JPEG,0,0
test_00732.JPEG,0,0
test_00733.JPEG,0,0
test_00734.JPEG,0,0
test_00735.JPEG,0,0
test_00736.JPEG,0,0
test_00737.JPEG,0,0
test_00738.JPEG,0,0
test_00739.JPEG,0,0
test_00740.JPEG,0,0
test_00741.JPEG,0,0
test_00742.JPEG,0,0
test_00743.JPEG,0,0
test_00744.JPEG,0,0
test_00745.JPEG,0,0
test_00746.JPEG,0,0
test_00747.JPEG,0,0
test_00748.JPEG,0,0
test_00749.JPEG,0,0
test_00750.JPEG,0,0
test_00751.JPEG,0,0
test_00752.JPEG,0,0
test_00753.JPEG,0,0
test_00754.JPEG,0,0
test_00755.JPEG,0,0
test_00756.JPEG,0,0
test_00757.JPEG,0,0
test_00758.JPEG,0,0
test_00759.JPEG,0,0
test_00760.JPEG,0,0
test_00761.JPEG,0,0
test_00762.JPEG,0,0
test_00763.JPEG,0,0
test_00764.JPEG,0,0
test_00765.JPEG,0,0
test_00766.JPEG,0,0
test_00767.JPEG,0,0
test_00768.JPEG,0,0
test_00769.JPEG,0,0
test_00770.JPEG,0,0
test_00771.JPEG,0,0
test_00772.JPEG,0,0
test_00773.JPEG,0,0
test_00774.JPEG,0,0
test_00775.JPEG,0,0
test_00776.JPEG,0,0
test_00777.JPEG,0,0
test_00778.JPEG,0,0
test_00779.JPEG,0,0
test_00780.JPEG,0,0
test_00781.JPEG,0,0
test_00782.JPEG,0,0
test_00783.JPEG,0,0
test_00784.JPEG,0,0
test_00785.JPEG,0,0
test_00786.JPEG,0,0
test_00787.JPEG,0,0
test_00788.JPEG,0,0
test_00789.JPEG,0,0
test_00790.JPEG,0,0
test_00791.JPEG,0,0
test_00792.JPEG,0,0
test_00793.JPEG,0,0
test_00794.JPEG,0,0
test_00795.JPEG,0,0
test_00796.JPEG,0,0
test_00797.JPEG,0,0
test_00798.JPEG,0,0
test_00799.JPEG,0,0
test_00800.JPEG,0,0
test_00801.JPEG,0,0
test_00802.JPEG,0,0
test_00803.JPEG,0,0
test_00804.JPEG,0,0
test_00805.JPEG,0,0
test_00806.JPEG,0,0
test_00807.JPEG,0,0
test_00808.JPEG,0,0
test_00809.JPEG,0,0
test_00810.JPEG,0,0
test_00811.JPEG,0,0
test_00812.JPEG,0,0
test_00813.JPEG,0,0
test_00814.JPEG,0,0
test_00815.JPEG,0,0
test_00816.JPEG,0,0
test_00817.JPEG,0,0
test_00818.JPEG,0,0
test_00819.JPEG,0,0
test_00820.JPEG,0,0
test_00821.JPEG,0,0
test_00822.JPEG,0,0
test_00823.JPEG,0,0
test_00824.JPEG,0,0
test_00825.JPEG,0,0
test_00826.JPEG,0,0
test_00827.JPEG,0,0
test_00828.JPEG,0,0
test_00829.JPEG,0,0
test_00830.JPEG,0,0
test_00831.JPEG,0,0
test_00832.JPEG,0,0
test_00833.JPEG,0,0
test_00834.JPEG,0,0
test_00835.JPEG,0,0
test_00836.JPEG,0,0
test_00837.JPEG,0,0
test_00838.JPEG,0,0
test_00839.JPEG,0,0
test_00840.JPEG,0,0
test_00841.JPEG,0,0
test_00842.JPEG,0,0
test_00843.JPEG,0,0
test_00844.JPEG,0,0
test_00845.JPEG,0,0
test_00846.JPEG,0,0
test_00847.JPEG,0,0
test_00848.JPEG,0,0
test_00849.JPEG,0,0
test_00850.JPEG,0,0
test_00851.JPEG,0,0
test_00852.JPEG,0,0
test_00853.JPEG,0,0
test_00854.JPEG,0,0
test_00855.JPEG,0,0
test_00856.JPEG,0,0
test_00857.JPEG,0,0
test_00858.JPEG,0,0
test_00859.JPEG,0,0
test_00860.JPEG,0,0
test_00861.JPEG,0,0
test_00862.JPEG,0,0
test_00863.JPEG,0,0
test_00864.JPEG,0,0
test_00865.JPEG,0,0
test_00866.JPEG,0,0
test_00867.JPEG,0,0
test_00868.JPEG,0,0
test_00869.JPEG,0,0
test_00870.JPEG,0,0
test_00871.JPEG,0,0
test_00872.JPEG,0,0
test_00873.JPEG,0,0
test_00874.JPEG,0,0
test_00875.JPEG,0,0
test_00876.JPEG,0,0
test_00877.JPEG,0,0
test_00878.JPEG,0,0
test_00879.JPEG,0,0
test_00880.JPEG,0,0
test_00881.JPEG,0,0
test_00882.JPEG,0,0
test_00883.JPEG,0,0
test_00884.JPEG,0,0
test_00885.JPEG,0,0
test_00886.JPEG,0,0
test_00887.JPEG,0,0
test_00888.JPEG,0,0
test_00889.JPEG,0,0
test_00890.JPEG,0,0
test_00891.JPEG,0,0
test_00892.JPEG,0,0
test_00893.JPEG,0,0
test_00894.JPEG,0,0
test_00895.JPEG,0,0
test_00896.JPEG,0,0
test_00897.JPEG,0,0
test_00898.JPEG,0,0
test_00899.JPEG,0,0
test_00900.JPEG,0,0
test_00901.JPEG,0,0
test_00902.JPEG,0,0
test_00903.JPEG,0,0
test_00904.JPEG,0,0
test_00905.JPEG,0,0
test_00906.JPEG,0,0
test_00907.JPEG,0,0
test_00908.JPEG,0,0
test_00909.JPEG,0,0
test_00910.JPEG,0,0
test_00911.JPEG,0,0
test_00912.JPEG,0,0
test_00913.JPEG,0,0
test_00914.JPEG,0,0
test_00915.JPEG,0,0
test_00916.JPEG,0,0
test_00917.JPEG,0,0
test_00918.JPEG,0,0
test_00919.JPEG,0,0
test_00920.JPEG,0,0
test_00921.JPEG,0,0
test_00922.JPEG,0,0
test_00923.JPEG,0,0
test_00924.JPEG,0,0
test_00925.JPEG,0,0
test_00926.JPEG,0,0
test_00927.JPEG,0,0
test_00928.JPEG,0,0
test_00929.JPEG,0,0
test_00930.JPEG,0,0
test_00931.JPEG,0,0
test_00932.JPEG,0,0
test_00933.JPEG,0,0
test_00934.JPEG,0,0
test_00935.JPEG,0,0
test_00936.JPEG,0,0
test_00937.JPEG,0,0
test_00938.JPEG,0,0
test_00939.JPEG,0,0
test_00940.JPEG,0,0
test_00941.JPEG,0,0
test_00942.JPEG,0,0
test_00943.JPEG,0,0
test_00944.JPEG,0,0
test_00945.JPEG,0,0
test_00946.JPEG,0,0
test_00947.JPEG,0,0
test_00948.JPEG,0,0
test_00949.JPEG,0,0
test_00950.JPEG,0,0
test_00951.JPEG,0,0
test_00952.JPEG,0,0
test_00953.JPEG,0,0
test_00954.JPEG,0,0
test_00955.JPEG,0,0
test_00956.JPEG,0,0
test_00957.JPEG,0,0
test_00958.JPEG,0,0
test_00959.JPEG,0,0
test_00960.JPEG,0,0
test_00961.JPEG,0,0
test_00962.JPEG,0,0
test_00963.JPEG,0,0
test_00964.JPEG,0,0
test_00965.JPEG,0,0
test_00966.JPEG,0,0
test_00967.JPEG,0,0
test_00968.JPEG,0,0
test_00969.JPEG,0,0
test_00970.JPEG,0,0
test_00971.JPEG,0,0
test_00972.JPEG,0,0
test_00973.JPEG,0,0
test_00974.JPEG,0,0
test_00975.JPEG,0,0
test_00976.JPEG,0,0
test_00977.JPEG,0,0
test_00978.JPEG,0,0
test_00979.JPEG,0,0
test_00980.JPEG,0,0
test_00981.JPEG,0,0
test_00982.JPEG,0,0
test_00983.JPEG,0,0
test_00984.JPEG,0,0
test_00985.JPEG,0,0
test_00986.JPEG,0,0
test_00987.JPEG,0,0
test_00988.JPEG,0,0
test_00989.JPEG,0,0
test_00990.JPEG,0,0
test_00991.JPEG,0,0
test_00992.JPEG,0,0
test_00993.JPEG,0,0
test_00994.JPEG,0,0
test_00995.JPEG,0,0
test_00996.JPEG,0,0
test_00997.JPEG,0,0
test_00998.JPEG,0,0
test_00999.JPEG,0,0
test_01000.JPEG,0,0
test_01001.JPEG,0,0
test_01002.JPEG,0,0
test_01003.JPEG,0,0
test_01004.JPEG,0,0
test_01005.JPEG,0,0
test_01006.JPEG,0,0
test_01007.JPEG,0,0
test_01008.JPEG,0,0
test_01009.JPEG,0,0
test_01010.JPEG,0,0
test_01011.JPEG,0,0
test_01012.JPEG,0,0
test_01013.JPEG,0,0
test_01014.JPEG,0,0
test_01015.JPEG,0,0
test_01016.JPEG,0,0
test_01017.JPEG,0,0
test_01018.JPEG,0,0
test_01019.JPEG,0,0
test_01020.JPEG,0,0
test_01021.JPEG,0,0
test_01022.JPEG,0,0
test_01023.JPEG,0,0
test_01024.JPEG,0,0
test_01025.JPEG,0,0
test_01026.JPEG,0,0
test_01027.JPEG,0,0
test_01028.JPEG,0,0
test_01029.JPEG,0,0
test_01030.JPEG,0,0
test_01031.JPEG,0,0
test_01032.JPEG,0,0
test_01033.JPEG,0,0
test_01034.JPEG,0,0
test_01035.JPEG,0,0
test_01036.JPEG,0,0
test_01037.JPEG,0,0
test_01038.JPEG,0,0
test_01039.JPEG,0,0
test_01040.JPEG,0,0
test_01041.JPEG,0,0
test_01042.JPEG,0,0
test_01043.JPEG,0,0
test_01044.JPEG,0,0
test_01045.JPEG,0,0
test_01046.JPEG,0,0
test_01047.JPEG,0,0
test_01048.JPEG,0,0
test_01049.JPEG,0,0
test_01050.JPEG,0,0
test_01051.JPEG,0,0
test_01052.JPEG,0,0
test_01053.JPEG,0,0
test_01054.JPEG,0,0
test_01055.JPEG,0,0
test_01056.JPEG,0,0
test_01057.JPEG,0,0
test_01058.JPEG,0,0
test_01059.JPEG,0,0
test_01060.JPEG,0,0
test_01061.JPEG,0,0
test_01062.JPEG,0,0
test_01063.JPEG,0,0
test_01064.JPEG,0,0
test_01065.JPEG,0,0
test_01066.JPEG,0,0
test_01067.JPEG,0,0
test_01068.JPEG,0,0
test_01069.JPEG,0,0
test_01070.JPEG,0,0
test_01071.JPEG,0,0
test_01072.JPEG,0,0
test_01073.JPEG,0,0
test_01074.JPEG,0,0
test_01075.JPEG,0,0
test_01076.JPEG,0,0
test_01077.JPEG,0,0
test_01078.JPEG,0,0
test_01079.JPEG,0,0
test_01080.JPEG,0,0
test_01081.JPEG,0,0
test_01082.JPEG,0,0
test_01083.JPEG,0,0
test_01084.JPEG,0,0
test_01085.JPEG,0,0
test_01086.JPEG,0,0
test_01087.JPEG,0,0
test_01088.JPEG,0,0
test_01089.JPEG,0,0
test_01090.JPEG,0,0
test_01091.JPEG,0,0
test_01092.JPEG,0,0
test_01093.JPEG,0,0
test_01094.JPEG,0,0
test_01095.JPEG,0,0
test_01096.JPEG,0,0
test_01097.JPEG,0,0
test_01098.JPEG,0,0
test_01099.JPEG,0,0
test_01100.JPEG,0,0
test_01101.JPEG,0,0
test_01102.JPEG,0,0
test_01103.JPEG,0,0
test_01104.JPEG,0,0
test_01105.JPEG,0,0
test_01106.JPEG,0,0
test_01107.JPEG,0,0
test_01108.JPEG,0,0
test_01109.JPEG,0,0
test_01110.JPEG,0,0
test_01111.JPEG,0,0
test_01112.JPEG,0,0
test_01113.JPEG,0,0
test_01114.JPEG,0,0
test_01115.JPEG,0,0
test_01116.JPEG,0,0
test_01117.JPEG,0,0
test_01118.JPEG,0,0
test_01119.JPEG,0,0
test_01120.JPEG,0,0
test_01121.JPEG,0,0
test_01122.JPEG,0,0
test_01123.JPEG,0,0
test_01124.JPEG,0,0
test_01125.JPEG,0,0
test_01126.JPEG,0,0
test_01127.JPEG,0,0
test_01128.JPEG,0,0
test_01129.JPEG,0,0
test_01130.JPEG,0,0
test_01131.JPEG,0,0
test_01132.JPEG,0,0
test_01133.JPEG,0,0
test_01134.JPEG,0,0
test_01135.JPEG,0,0
test_01136.JPEG,0,0
test_01137.JPEG,0,0
test_01138.JPEG,0,0
test_01139.JPEG,0,0
test_01140.JPEG,0,0
test_01141.JPEG,0,0
test_01142.JPEG,0,0
test_01143.JPEG,0,0
test_01144.JPEG,0,0
test_01145.JPEG,0,0
test_01146.JPEG,0,0
test_01147.JPEG,0,0
test_01148.JPEG,0,0
test_01149.JPEG,0,0
test_01150.JPEG,0,0
test_01151.JPEG,0,0
test_01152.JPEG,0,0
test_01153.JPEG,0,0
test_01154.JPEG,0,0
test_01155.JPEG,0,0
test_01156.JPEG,0,0
test_01157.JPEG,0,0
test_01158.JPEG,0,0
test_01159.JPEG,0,0
test_01160.JPEG,0,0
test_01161.JPEG,0,0
test_01162.JPEG,0,0
test_01163.JPEG,0,0
test_01164.JPEG,0,0
test_01165.JPEG,0,0
test_01166.JPEG,0,0
test_01167.JPEG,0,0
test_01168.JPEG,0,0
test_01169.JPEG,0,0
test_01170.JPEG,0,0
test_01171.JPEG,0,0
test_01172.JPEG,0,0
test_01173.JPEG,0,0
test_01174.JPEG,0,0
test_01175.JPEG,0,0
test_01176.JPEG,0,0
test_01177.JPEG,0,0
test_01178.JPEG,0,0
test_01179.JPEG,0,0
test_01180.JPEG,0,0
test_01181.JPEG,0,0
test_01182.JPEG,0,0
test_01183.JPEG,0,0
test_01184.JPEG,0,0
test_01185.JPEG,0,0
test_01186.JPEG,0,0
test_01187.JPEG,0,0
test_01188.JPEG,0,0
test_01189.JPEG,0,0
test_01190.JPEG,0,0
test_01191.JPEG,0,0
test_01192.JPEG,0,0
test_01193.JPEG,0,0
test_01194.JPEG,0,0
test_01195.JPEG,0,0
test_01196.JPEG,0,0
test_01197.JPEG,0,0
test_01198.JPEG,0,0
test_01199.JPEG,0,0
test_01200.JPEG,0,0
test_01201.JPEG,0,0
test_01202.JPEG,0,0
test_01203.JPEG,0,0
test_01204.JPEG,0,0
test_01205.JPEG,0,0
test_01206.JPEG,0,0
test_01207.JPEG,0,0
test_01208.JPEG,0,0
test_01209.JPEG,0,0
test_01210.JPEG,0,0
test_01211.JPEG,0,0
test_01212.JPEG,0,0
test_01213.JPEG,0,0
test_01214.JPEG,0,0
test_01215.JPEG,0,0
test_01216.JPEG,0,0
test_01217.JPEG,0,0
test_01218.JPEG,0,0
test_01219.JPEG,0,0
test_01220.JPEG,0,0
test_01221.JPEG,0,0
test_01222.JPEG,0,0
test_01223.JPEG,0,0
test_01224.JPEG,0,0
test_01225.JPEG,0,0
test_01226.JPEG,0,0
test_01227.JPEG,0,0
test_01228.JPEG,0,0
test_01229.JPEG,0,0
test_01230.JPEG,0,0
test_01231.JPEG,0,0
test_01232.JPEG,0,0
test_01233.JPEG,0,0
test_01234.JPEG,0,0
test_01235.JPEG,0,0
test_01236.JPEG,0,0
test_01237.JPEG,0,0
test_01238.JPEG,0,0
test_01239.JPEG,0,0
test_01240.JPEG,0,0
test_01241.JPEG,0,0
test_01242.JPEG,0,0
test_01243.JPEG,0,0
test_01244.JPEG,0,0
test_01245.JPEG,0,0
test_01246.JPEG,0,0
test_01247.JPEG,0,0
test_01248.JPEG,0,0
test_01249.JPEG,0,0
test_01250.JPEG,0,0
test_01251.JPEG,0,0
test_01252.JPEG,0,0
test_01253.JPEG,0,0
test_01254.JPEG,0,0
test_01255.JPEG,0,0
test_01256.JPEG,0,0
test_01257.JPEG,0,0
test_01258.JPEG,0,0
test_01259.JPEG,0,0
test_01260.JPEG,0,0
test_01261.JPEG,0,0
test_01262.JPEG,0,0
test_01263.JPEG,0,0
test_01264.JPEG,0,0
test_01265.JPEG,0,0
test_01266.JPEG,0,0
test_01267.JPEG,0,0
test_01268.JPEG,0,0
test_01269.JPEG,0,0
test_01270.JPEG,0,0
test_01271.JPEG,0,0
test_01272.JPEG,0,0
test_01273.JPEG,0,0
test_01274.JPEG,0,0
test_01275.JPEG,0,0
test_01276.JPEG,0,0
test_01277.JPEG,0,0
test_01278.JPEG,0,0
test_01279.JPEG,0,0
test_01280.JPEG,0,0
test_01281.JPEG,0,0
test_01282.JPEG,0,0
test_01283.JPEG,0,0
test_01284.JPEG,0,0
test_01285.JPEG,0,0
test_01286.JPEG,0,0
test_01287.JPEG,0,0
test_01288.JPEG,0,0
test_01289.JPEG,0,0
test_01290.JPEG,0,0
test_01291.JPEG,0,0
test_01292.JPEG,0,0
test_01293.JPEG,0,0
test_01294.JPEG,0,0
test_01295.JPEG,0,0
test_01296.JPEG,0,0
test_01297.JPEG,0,0
test_01298.JPEG,0,0
test_01299.JPEG,0,0
test_01300.JPEG,0,0
test_01301.JPEG,0,0
test_01302.JPEG,0,0
test_01303.JPEG,0,0
test_01304.JPEG,0,0
test_01305.JPEG,0,0
test_01306.JPEG,0,0
test_01307.JPEG,0,0
test_01308.JPEG,0,0
test_01309.JPEG,0,0
test_01310.JPEG,0,0
test_01311.JPEG,0,0
test_01312.JPEG,0,0
test_01313.JPEG,0,0
test_01314.JPEG,0,0
test_01315.JPEG,0,0
test_01316.JPEG,0,0
test_01317.JPEG,0,0
test_01318.JPEG,0,0
test_01319.JPEG,0,0
test_01320.JPEG,0,0
test_01321.JPEG,0,0
test_01322.JPEG,0,0
test_01323.JPEG,0,0
test_01324.JPEG,0,0
test_01325.JPEG,0,0
test_01326.JPEG,0,0
test_01327.JPEG,0,0
test_01328.JPEG,0,0
test_01329.JPEG,0,0
test_01330.JPEG,0,0
test_01331.JPEG,0,0
test_01332.JPEG,0,0
test_01333.JPEG,0,0
test_01334.JPEG,0,0
test_01335.JPEG,0,0
test_01336.JPEG,0,0
test_01337.JPEG,0,0
test_01338.JPEG,0,0
test_01339.JPEG,0,0
test_01340.JPEG,0,0
test_01341.JPEG,0,0
test_01342.JPEG,0,0
test_01343.JPEG,0,0
test_01344.JPEG,0,0
test_01345.JPEG,0,0
test_01346.JPEG,0,0
test_01347.JPEG,0,0
test_01348.JPEG,0,0
test_01349.JPEG,0,0
test_01350.JPEG,0,0
test_01351.JPEG,0,0
test_01352.JPEG,0,0
test_01353.JPEG,0,0
test_01354.JPEG,0,0
test_01355.JPEG,0,0
test_01356.JPEG,0,0
test_01357.JPEG,0,0
test_01358.JPEG,0,0
test_01359.JPEG,0,0
test_01360.JPEG,0,0
test_01361.JPEG,0,0
test_01362.JPEG,0,0
test_01363.JPEG,0,0
test_01364.JPEG,0,0
test_01365.JPEG,0,0
test_01366.JPEG,0,0
test_01367.JPEG,0,0
test_01368.JPEG,0,0
test_01369.JPEG,0,0
test_01370.JPEG,0,0
test_01371.JPEG,0,0
test_01372.JPEG,0,0
test_01373.JPEG,0,0
test_01374.JPEG,0,0
test_01375.JPEG,0,0
test_01376.JPEG,0,0
test_01377.JPEG,0,0
test_01378.JPEG,0,0
test_01379.JPEG,0,0
test_01380.JPEG,0,0
test_01381.JPEG,0,0
test_01382.JPEG,0,0
test_01383.JPEG,0,0
test_01384.JPEG,0,0
test_01385.JPEG,0,0
test_01386.JPEG,0,0
test_01387.JPEG,0,0
test_01388.JPEG,0,0
test_01389.JPEG,0,0
test_01390.JPEG,0,0
test_01391.JPEG,0,0
test_01392.JPEG,0,0
test_01393.JPEG,0,0
test_01394.JPEG,0,0
test_01395.JPEG,0,0
test_01396.JPEG,0,0
test_01397.JPEG,0,0
test_01398.JPEG,0,0
test_01399.JPEG,0,0
test_01400.JPEG,0,0
test_01401.JPEG,0,0
test_01402.JPEG,0,0
test_01403.JPEG,0,0
test_01404.JPEG,0,0
test_01405.JPEG,0,0
test_01406.JPEG,0,0
test_01407.JPEG,0,0
test_01408.JPEG,0,0
test_01409.JPEG,0,0
test_01410.JPEG,0,0
test_01411.JPEG,0,0
test_01412.JPEG,0,0
test_01413.JPEG,0,0
test_01414.JPEG,0,0
test_01415.JPEG,0,0
test_01416.JPEG,0,0
test_01417.JPEG,0,0
test_01418.JPEG,0,0
test_01419.JPEG,0,0
test_01420.JPEG,0,0
test_01421.JPEG,0,0
test_01422.JPEG,0,0
test_01423.JPEG,0,0
test_01424.JPEG,0,0
test_01425.JPEG,0,0
test_01426.JPEG,0,0
test_01427.JPEG,0,0
test_01428.JPEG,0,0
test_01429.JPEG,0,0
test_01430.JPEG,0,0
test_01431.JPEG,0,0
test_01432.JPEG,0,0
test_01433.JPEG,0,0
test_01434.JPEG,0,0
test_01435.JPEG,0,0
test_01436.JPEG,0,0
test_01437.JPEG,0,0
test_01438.JPEG,0,0
test_01439.JPEG,0,0
test_01440.JPEG,0,0
test_01441.JPEG,0,0
test_01442.JPEG,0,0
test_01443.JPEG,0,0
test_01444.JPEG,0,0
test_01445.JPEG,0,0
test_01446.JPEG,0,0
test_01447.JPEG,0,0
test_01448.JPEG,0,0
test_01449.JPEG,0,0
test_01450.JPEG,0,0
test_01451.JPEG,0,0
test_01452.JPEG,0,0
test_01453.JPEG,0,0
test_01454.JPEG,0,0
test_01455.JPEG,0,0
test_01456.JPEG,0,0
test_01457.JPEG,0,0
test_01458.JPEG,0,0
test_01459.JPEG,0,0
test_01460.JPEG,0,0
test_01461.JPEG,0,0
test_01462.JPEG,0,0
test_01463.JPEG,0,0
test_01464.JPEG,0,0
test_01465.JPEG,0,0
test_01466.JPEG,0,0
test_01467.JPEG,0,0
test_01468.JPEG,0,0
test_01469.JPEG,0,0
test_01470.JPEG,0,0
test_01471.JPEG,0,0
test_01472.JPEG,0,0
test_01473.JPEG,0,0
test_01474.JPEG,0,0
test_01475.JPEG,0,0
test_01476.JPEG,0,0
test_01477.JPEG,0,0
test_01478.JPEG,0,0
test_01479.JPEG,0,0
test_01480.JPEG,0,0
test_01481.JPEG,0,0
test_01482.JPEG,0,0
test_01483.JPEG,0,0
test_01484.JPEG,0,0
test_01485.JPEG,0,0
test_01486.JPEG,0,0
test_01487.JPEG,0,0
test_01488.JPEG,0,0
test_01489.JPEG,0,0
test_01490.JPEG,0,0
test_01491.JPEG,0,0
test_01492.JPEG,0,0
test_01493.JPEG,0,0
test_01494.JPEG,0,0
test_01495.JPEG,0,0
test_01496.JPEG,0,0
test_01497.JPEG,0,0
test_01498.JPEG,0,0
test_01499.JPEG,0,0
test_01500.JPEG,0,0
test_01501.JPEG,0,0
test_01502.JPEG,0,0
test_01503.JPEG,0,0
test_01504.JPEG,0,0
test_01505.JPEG,0,0
test_01506.JPEG,0,0
test_01507.JPEG,0,0
test_01508.JPEG,0,0
test_01509.JPEG,0,0
test_01510.JPEG,0,0
test_01511.JPEG,0,0
test_01512.JPEG,0,0
test_01513.JPEG,0,0
test_01514.JPEG,0,0
test_01515.JPEG,0,0
test_01516.JPEG,0,0
test_01517.JPEG,0,0
test_01518.JPEG,0,0
test_01519.JPEG,0,0
test_01520.JPEG,0,0
test_01521.JPEG,0,0
test_01522.JPEG,0,0
test_01523.JPEG,0,0
test_01524.JPEG,0,0
test_01525.JPEG,0,0
test_01526.JPEG,0,0
test_01527.JPEG,0,0
test_01528.JPEG,0,0
test_01529.JPEG,0,0
test_01530.JPEG,0,0
test_01531.JPEG,0,0
test_01532.JPEG,0,0
test_01533.JPEG,0,0
test_01534.JPEG,0,0
test_01535.JPEG,0,0
test_01536.JPEG,0,0
test_01537.JPEG,0,0
test_01538.JPEG,0,0
test_01539.JPEG,0,0
test_01540.JPEG,0,0
test_01541.JPEG,0,0
test_01542.JPEG,0,0
test_01543.JPEG,0,0
test_01544.JPEG,0,0
test_01545.JPEG,0,0
test_01546.JPEG,0,0
test_01547.JPEG,0,0
test_01548.JPEG,0,0
test_01549.JPEG,0,0
test_01550.JPEG,0,0
test_01551.JPEG,0,0
test_01552.JPEG,0,0
test_01553.JPEG,0,0
test_01554.JPEG,0,0
test_01555.JPEG,0,0
test_01556.JPEG,0,0
test_01557.JPEG,0,0
test_01558.JPEG,0,0
test_01559.JPEG,0,0
test_01560.JPEG,0,0
test_01561.JPEG,0,0
test_01562.JPEG,0,0
test_01563.JPEG,0,0
test_01564.JPEG,0,0
test_01565.JPEG,0,0
test_01566.JPEG,0,0
test_01567.JPEG,0,0
test_01568.JPEG,0,0
test_01569.JPEG,0,0
test_01570.JPEG,0,0
test_01571.JPEG,0,0
test_01572.JPEG,0,0
test_01573.JPEG,0,0
test_01574.JPEG,0,0
test_01575.JPEG,0,0
test_01576.JPEG,0,0
test_01577.JPEG,0,0
test_01578.JPEG,0,0
test_01579.JPEG,0,0
test_01580.JPEG,0,0
test_01581.JPEG,0,0
test_01582.JPEG,0,0
test_01583.JPEG,0,0
test_01584.JPEG,0,0
test_01585.JPEG,0,0
test_01586.JPEG,0,0
test_01587.JPEG,0,0
test_01588.JPEG,0,0
test_01589.JPEG,0,0
test_01590.JPEG,0,0
test_01591.JPEG,0,0
test_01592.JPEG,0,0
test_01593.JPEG,0,0
test_01594.JPEG,0,0
test_01595.JPEG,0,0
test_01596.JPEG,0,0
test_01597.JPEG,0,0
test_01598.JPEG,0,0
test_01599.JPEG,0,0
test_01600.JPEG,0,0
test_01601.JPEG,0,0
test_01602.JPEG,0,0
test_01603.JPEG,0,0
test_01604.JPEG,0,0
test_01605.JPEG,0,0
test_01606.JPEG,0,0
test_01607.JPEG,0,0
test_01608.JPEG,0,0
test_01609.JPEG,0,0
test_01610.JPEG,0,0
test_01611.JPEG,0,0
test_01612.JPEG,0,0
test_01613.JPEG,0,0
test_01614.JPEG,0,0
test_01615.JPEG,0,0
test_01616.JPEG,0,0
test_01617.JPEG,0,0
test_01618.JPEG,0,0
test_01619.JPEG,0,0
test_01620.JPEG,0,0
test_01621.JPEG,0,0
test_01622.JPEG,0,0
test_01623.JPEG,0,0
test_01624.JPEG,0,0
test_01625.JPEG,0,0
test_01626.JPEG,0,0
test_01627.JPEG,0,0
test_01628.JPEG,0,0
test_01629.JPEG,0,0
test_01630.JPEG,0,0
test_01631.JPEG,0,0
test_01632.JPEG,0,0
test_01633.JPEG,0,0
test_01634.JPEG,0,0
test_01635.JPEG,0,0
test_01636.JPEG,0,0
test_01637.JPEG,0,0
test_01638.JPEG,0,0
test_01639.JPEG,0,0
test_01640.JPEG,0,0
test_01641.JPEG,0,0
test_01642.JPEG,0,0
test_01643.JPEG,0,0
test_01644.JPEG,0,0
test_01645.JPEG,0,0
test_01646.JPEG,0,0
test_01647.JPEG,0,0
test_01648.JPEG,0,0
test_01649.JPEG,0,0
test_01650.JPEG,0,0
test_01651.JPEG,0,0
test_01652.JPEG,0,0
test_01653.JPEG,0,0
test_01654.JPEG,0,0
test_01655.JPEG,0,0
test_01656.JPEG,0,0
test_01657.JPEG,0,0
test_01658.JPEG,0,0
test_01659.JPEG,0,0
test_01660.JPEG,0,0
test_01661.JPEG,0,0
test_01662.JPEG,0,0
test_01663.JPEG,0,0
test_01664.JPEG,0,0
test_01665.JPEG,0,0
test_01666.JPEG,0,0
test_01667.JPEG,0,0
test_01668.JPEG,0,0
test_01669.JPEG,0,0
test_01670.JPEG,0,0
test_01671.JPEG,0,0
test_01672.JPEG,0,0
test_01673.JPEG,0,0
test_01674.JPEG,0,0
test_01675.JPEG,0,0
test_01676.JPEG,0,0
test_01677.JPEG,0,0
test_01678.JPEG,0,0
test_01679.JPEG,0,0
test_01680.JPEG,0,0
test_01681.JPEG,0,0
test_01682.JPEG,0,0
test_01683.JPEG,0,0
test_01684.JPEG,0,0
test_01685.JPEG,0,0
test_01686.JPEG,0,0
test_01687.JPEG,0,0
test_01688.JPEG,0,0
test_01689.JPEG,0,0
test_01690.JPEG,0,0
test_01691.JPEG,0,0
test_01692.JPEG,0,0
test_01693.JPEG,0,0
test_01694.JPEG,0,0
test_01695.JPEG,0,0
test_01696.JPEG,0,0
test_01697.JPEG,0,0
test_01698.JPEG,0,0
test_01699.JPEG,0,0
test_01700.JPEG,0,0
test_01701.JPEG,0,0
test_01702.JPEG,0,0
test_01703.JPEG,0,0
test_01704.JPEG,0,0
test_01705.JPEG,0,0
test_01706.JPEG,0,0
test_01707.JPEG,0,0
test_01708.JPEG,0,0
test_01709.JPEG,0,0
test_01710.JPEG,0,0
test_01711.JPEG,0,0
test_01712.JPEG,0,0
test_01713.JPEG,0,0
test_01714.JPEG,0,0
test_01715.JPEG,0,0
test_01716.JPEG,0,0
test_01717.JPEG,0,0
test_01718.JPEG,0,0
test_01719.JPEG,0,0
test_01720.JPEG,0,0
test_01721.JPEG,0,0
test_01722.JPEG,0,0
test_01723.JPEG,0,0
test_01724.JPEG,0,0
test_01725.JPEG,0,0
test_01726.JPEG,0,0
test_01727.JPEG,0,0
test_01728.JPEG,0,0
test_01729.JPEG,0,0
test_01730.JPEG,0,0
test_01731.JPEG,0,0
test_01732.JPEG,0,0
test_01733.JPEG,0,0
test_01734.JPEG,0,0
test_01735.JPEG,0,0
test_01736.JPEG,0,0
test_01737.JPEG,0,0
test_01738.JPEG,0,0
test_01739.JPEG,0,0
test_01740.JPEG,0,0
test_01741.JPEG,0,0
test_01742.JPEG,0,0
test_01743.JPEG,0,0
test_01744.JPEG,0,0
test_01745.JPEG,0,0
test_01746.JPEG,0,0
test_01747.JPEG,0,0
test_01748.JPEG,0,0
test_01749.JPEG,0,0
test_01750.JPEG,0,0
test_01751.JPEG,0,0
test_01752.JPEG,0,0
test_01753.JPEG,0,0
test_01754.JPEG,0,0
test_01755.JPEG,0,0
test_01756.JPEG,0,0
test_01757.JPEG,0,0
test_01758.JPEG,0,0
test_01759.JPEG,0,0
test_01760.JPEG,0,0
test_01761.JPEG,0,0
test_01762.JPEG,0,0
test_01763.JPEG,0,0
test_01764.JPEG,0,0
test_01765.JPEG,0,0
test_01766.JPEG,0,0
test_01767.JPEG,0,0
test_01768.JPEG,0,0
test_01769.JPEG,0,0
test_01770.JPEG,0,0
test_01771.JPEG,0,0
test_01772.JPEG,0,0
test_01773.JPEG,0,0
test_01774.JPEG,0,0
test_01775.JPEG,0,0
test_01776.JPEG,0,0
test_01777.JPEG,0,0
test_01778.JPEG,0,0
test_01779.JPEG,0,0
test_01780.JPEG,0,0
test_01781.JPEG,0,0
test_01782.JPEG,0,0
test_01783.JPEG,0,0
test_01784.JPEG,0,0
test_01785.JPEG,0,0
test_01786.JPEG,0,0
test_01787.JPEG,0,0
test_01788.JPEG,0,0
test_01789.JPEG,0,0
test_01790.JPEG,0,0
test_01791.JPEG,0,0
test_01792.JPEG,0,0
test_01793.JPEG,0,0
test_01794.JPEG,0,0
test_01795.JPEG,0,0
test_01796.JPEG,0,0
test_01797.JPEG,0,0
test_01798.JPEG,0,0
test_01799.JPEG,0,0
test_01800.JPEG,0,0
test_01801.JPEG,0,0
test_01802.JPEG,0,0
test_01803.JPEG,0,0
test_01804.JPEG,0,0
test_01805.JPEG,0,0
test_01806.JPEG,0,0
test_01807.JPEG,0,0
test_01808.JPEG,0,0
test_01809.JPEG,0,0
test_01810.JPEG,0,0
test_01811.JPEG,0,0
test_01812.JPEG,0,0
test_01813.JPEG,0,0
test_01814.JPEG,0,0
test_01815.JPEG,0,0
test_01816.JPEG,0,0
test_01817.JPEG,0,0
test_01818.JPEG,0,0
test_01819.JPEG,0,0
test_01820.JPEG,0,0
test_01821.JPEG,0,0
test_01822.JPEG,0,0
test_01823.JPEG,0,0
test_01824.JPEG,0,0
test_01825.JPEG,0,0
test_01826.JPEG,0,0
test_01827.JPEG,0,0
test_01828.JPEG,0,0
test_01829.JPEG,0,0
test_01830.JPEG,0,0
test_01831.JPEG,0,0
test_01832.JPEG,0,0
test_01833.JPEG,0,0
test_01834.JPEG,0,0
test_01835.JPEG,0,0
test_01836.JPEG,0,0
test_01837.JPEG,0,0
test_01838.JPEG,0,0
test_01839.JPEG,0,0
test_01840.JPEG,0,0
test_01841.JPEG,0,0
test_01842.JPEG,0,0
test_01843.JPEG,0,0
test_01844.JPEG,0,0
test_01845.JPEG,0,0
test_01846.JPEG,0,0
test_01847.JPEG,0,0
test_01848.JPEG,0,0
test_01849.JPEG,0,0
test_01850.JPEG,0,0
test_01851.JPEG,0,0
test_01852.JPEG,0,0
test_01853.JPEG,0,0
test_01854.JPEG,0,0
test_01855.JPEG,0,0
test_01856.JPEG,0,0
test_01857.JPEG,0,0
test_01858.JPEG,0,0
test_01859.JPEG,0,0
test_01860.JPEG,0,0
test_01861.JPEG,0,0
test_01862.JPEG,0,0
test_01863.JPEG,0,0
test_01864.JPEG,0,0
test_01865.JPEG,0,0
test_01866.JPEG,0,0
test_01867.JPEG,0,0
test_01868.JPEG,0,0
test_01869.JPEG,0,0
test_01870.JPEG,0,0
test_01871.JPEG,0,0
test_01872.JPEG,0,0
test_01873.JPEG,0,0
test_01874.JPEG,0,0
test_01875.JPEG,0,0
test_01876.JPEG,0,0
test_01877.JPEG,0,0
test_01878.JPEG,0,0
test_01879.JPEG,0,0
test_01880.JPEG,0,0
test_01881.JPEG,0,0
test_01882.JPEG,0,0
test_01883.JPEG,0,0
test_01884.JPEG,0,0
test_01885.JPEG,0,0
test_01886.JPEG,0,0
test_01887.JPEG,0,0
test_01888.JPEG,0,0
test_01889.JPEG,0,0
test_01890.JPEG,0,0
test_01891.JPEG,0,0
test_01892.JPEG,0,0
test_01893.JPEG,0,0
test_01894.JPEG,0,0
test_01895.JPEG,0,0
test_01896.JPEG,0,0
test_01897.JPEG,0,0
test_01898.JPEG,0,0
test_01899.JPEG,0,0
test_01900.JPEG,0,0
test_01901.JPEG,0,0
test_01902.JPEG,0,0
test_01903.JPEG,0,0
test_01904.JPEG,0,0
test_01905.JPEG,0,0
test_01906.JPEG,0,0
test_01907.JPEG,0,0
test_01908.JPEG,0,0
test_01909.JPEG,0,0
test_01910.JPEG,0,0
test_01911.JPEG,0,0
test_01912.JPEG,0,0
test_01913.JPEG,0,0
test_01914.JPEG,0,0
test_01915.JPEG,0,0
test_01916.JPEG,0,0
test_01917.JPEG,0,0
test_01918.JPEG,0,0
test_01919.JPEG,0,0
test_01920.JPEG,0,0
test_01921.JPEG,0,0
test_01922.JPEG,0,0
test_01923.JPEG,0,0
test_01924.JPEG,0,0
test_01925.JPEG,0,0
test_01926.JPEG,0,0
test_01927.JPEG,0,0
test_01928.JPEG,0,0
test_01929.JPEG,0,0
test_01930.JPEG,0,0
test_01931.JPEG,0,0
test_01932.JPEG,0,0
test_01933.JPEG,0,0
test_01934.JPEG,0,0
test_01935.JPEG,0,0
test_01936.JPEG,0,0
test_01937.JPEG,0,0
test_01938.JPEG,0,0
test_01939.JPEG,0,0
test_01940.JPEG,0,0
test_01941.JPEG,0,0
test_01942.JPEG,0,0
test_01943.JPEG,0,0
test_01944.JPEG,0,0
test_01945.JPEG,0,0
test_01946.JPEG,0,0
test_01947.JPEG,0,0
test_01948.JPEG,0,0
test_01949.JPEG,0,0
test_01950.JPEG,0,0
test_01951.JPEG,0,0
test_01952.JPEG,0,0
test_01953.JPEG,0,0
test_01954.JPEG,0,0
test_01955.JPEG,0,0
test_01956.JPEG,0,0
test_01957.JPEG,0,0
test_01958.JPEG,0,0
test_01959.JPEG,0,0
test_01960.JPEG,0,0
test_01961.JPEG,0,0
test_01962.JPEG,0,0
test_01963.JPEG,0,0
test_01964.JPEG,0,0
test_01965.JPEG,0,0
test_01966.JPEG,0,0
test_01967.JPEG,0,0
test_01968.JPEG,0,0
test_01969.JPEG,0,0
test_01970.JPEG,0,0
test_01971.JPEG,0,0
test_01972.JPEG,0,0
test_01973.JPEG,0,0
test_01974.JPEG,0,0
test_01975.JPEG,0,0
test_01976.JPEG,0,0
test_01977.JPEG,0,0
test_01978.JPEG,0,0
test_01979.JPEG,0,0
test_01980.JPEG,0,0
test_01981.JPEG,0,0
test_01982.JPEG,0,0
test_01983.JPEG,0,0
test_01984.JPEG,0,0
test_01985.JPEG,0,0
test_01986.JPEG,0,0
test_01987.JPEG,0,0
test_01988.JPEG,0,0
test_01989.JPEG,0,0
test_01990.JPEG,0,0
test_01991.JPEG,0,0
test_01992.JPEG,0,0
test_01993.JPEG,0,0
test_01994.JPEG,0,0
test_01995.JPEG,0,0
test_01996.JPEG,0,0
test_01997.JPEG,0,0
test_01998.JPEG,0,0
test_01999.JPEG,0,0
test_02000.JPEG,0,0
test_02001.JPEG,0,0
test_02002.JPEG,0,0
test_02003.JPEG,0,0
test_02004.JPEG,0,0
test_02005.JPEG,0,0
test_02006.JPEG,0,0
test_02007.JPEG,0,0
test_02008.JPEG,0,0
test_02009.JPEG,0,0
test_02010.JPEG,0,0
test_02011.JPEG,0,0
test_02012.JPEG,0,0
test_02013.JPEG,0,0
test_02014.JPEG,0,0
test_02015.JPEG,0,0
test_02016.JPEG,0,0
test_02017.JPEG,0,0
test_02018.JPEG,0,0
test_02019.JPEG,0,0
test_02020.JPEG,0,0
test_02021.JPEG,0,0
test_02022.JPEG,0,0
test_02023.JPEG,0,0
test_02024.JPEG,0,0
test_02025.JPEG,0,0
test_02026.JPEG,0,0
test_02027.JPEG,0,0
test_02028.JPEG,0,0
test_02029.JPEG,0,0
test_02030.JPEG,0,0
test_02031.JPEG,0,0
test_02032.JPEG,0,0
test_02033.JPEG,0,0
test_02034.JPEG,0,0
test_02035.JPEG,0,0
test_02036.JPEG,0,0
test_02037.JPEG,0,0
test_02038.JPEG,0,0
test_02039.JPEG,0,0
test_02040.JPEG,0,0
test_02041.JPEG,0,0
test_02042.JPEG,0,0
test_02043.JPEG,0,0
test_02044.JPEG,0,0
test_02045.JPEG,0,0
test_02046.JPEG,0,0
test_02047.JPEG,0,0
test_02048.JPEG,0,0
test_02049.JPEG,0,0
test_02050.JPEG,0,0
test_02051.JPEG,0,0
test_02052.JPEG,0,0
test_02053.JPEG,0,0
test_02054.JPEG,0,0
test_02055.JPEG,0,0
test_02056.JPEG,0,0
test_02057.JPEG,0,0
test_02058.JPEG,0,0
test_02059.JPEG,0,0
test_02060.JPEG,0,0
test_02061.JPEG,0,0
test_02062.JPEG,0,0
test_02063.JPEG,0,0
test_02064.JPEG,0,0
test_02065.JPEG,0,0
test_02066.JPEG,0,0
test_02067.JPEG,0,0
test_02068.JPEG,0,0
test_02069.JPEG,0,0
test_02070.JPEG,0,0
test_02071.JPEG,0,0
test_02072.JPEG,0,0
test_02073.JPEG,0,0
test_02074.JPEG,0,0
test_02075.JPEG,0,0
test_02076.JPEG,0,0
test_02077.JPEG,0,0
test_02078.JPEG,0,0
test_02079.JPEG,0,0
test_02080.JPEG,0,0
test_02081.JPEG,0,0
test_02082.JPEG,0,0
test_02083.JPEG,0,0
test_02084.JPEG,0,0
test_02085.JPEG,0,0
test_02086.JPEG,0,0
test_02087.JPEG,0,0
test_02088.JPEG,0,0
test_02089.JPEG,0,0
test_02090.JPEG,0,0
test_02091.JPEG,0,0
test_02092.JPEG,0,0
test_02093.JPEG,0,0
test_02094.JPEG,0,0
test_02095.JPEG,0,0
test_02096.JPEG,0,0
test_02097.JPEG,0,0
test_02098.JPEG,0,0
test_02099.JPEG,0,0
test_02100.JPEG,0,0
test_02101.JPEG,0,0
test_02102.JPEG,0,0
test_02103.JPEG,0,0
test_02104.JPEG,0,0
test_02105.JPEG,0,0
test_02106.JPEG,0,0
test_02107.JPEG,0,0
test_02108.JPEG,0,0
test_02109.JPEG,0,0
test_02110.JPEG,0,0
test_02111.JPEG,0,0
test_02112.JPEG,0,0
test_02113.JPEG,0,0
test_02114.JPEG,0,0
test_02115.JPEG,0,0
test_02116.JPEG,0,0
test_02117.JPEG,0,0
test_02118.JPEG,0,0
test_02119.JPEG,0,0
test_02120.JPEG,0,0
test_02121.JPEG,0,0
test_02122.JPEG,0,0
test_02123.JPEG,0,0
test_02124.JPEG,0,0
test_02125.JPEG,0,0
test_02126.JPEG,0,0
test_02127.JPEG,0,0
test_02128.JPEG,0,0
test_02129.JPEG,0,0
test_02130.JPEG,0,0
test_02131.JPEG,0,0
test_02132.JPEG,0,0
test_02133.JPEG,0,0
test_02134.JPEG,0,0
test_02135.JPEG,0,0
test_02136.JPEG,0,0
test_02137.JPEG,0,0
test_02138.JPEG,0,0
test_02139.JPEG,0,0
test_02140.JPEG,0,0
test_02141.JPEG,0,0
test_02142.JPEG,0,0
test_02143.JPEG,0,0
test_02144.JPEG,0,0
test_02145.JPEG,0,0
test_02146.JPEG,0,0
test_02147.JPEG,0,0
test_02148.JPEG,0,0
test_02149.JPEG,0,0
test_02150.JPEG,0,0
test_02151.JPEG,0,0
test_02152.JPEG,0,0
test_02153.JPEG,0,0
test_02154.JPEG,0,0
test_02155.JPEG,0,0
test_02156.JPEG,0,0
test_02157.JPEG,0,0
test_02158.JPEG,0,0
test_02159.JPEG,0,0
test_02160.JPEG,0,0
test_02161.JPEG,0,0
test_02162.JPEG,0,0
test_02163.JPEG,0,0
test_02164.JPEG,0,0
test_02165.JPEG,0,0
test_02166.JPEG,0,0
test_02167.JPEG,0,0
test_02168.JPEG,0,0
test_02169.JPEG,0,0
test_02170.JPEG,0,0
test_02171.JPEG,0,0
test_02172.JPEG,0,0
test_02173.JPEG,0,0
test_02174.JPEG,0,0
test_02175.JPEG,0,0
test_02176.JPEG,0,0
test_02177.JPEG,0,0
test_02178.JPEG,0,0
test_02179.JPEG,0,0
test_02180.JPEG,0,0
test_02181.JPEG,0,0
test_02182.JPEG,0,0
test_02183.JPEG,0,0
test_02184.JPEG,0,0
test_02185.JPEG,0,0
test_02186.JPEG,0,0
test_02187.JPEG,0,0
test_02188.JPEG,0,0
test_02189.JPEG,0,0
test_02190.JPEG,0,0
test_02191.JPEG,0,0
test_02192.JPEG,0,0
test_02193.JPEG,0,0
test_02194.JPEG,0,0
test_02195.JPEG,0,0
test_02196.JPEG,0,0
test_02197.JPEG,0,0
test_02198.JPEG,0,0
test_02199.JPEG,0,0
test_02200.JPEG,0,0
test_02201.JPEG,0,0
test_02202.JPEG,0,0
test_02203.JPEG,0,0
test_02204.JPEG,0,0
test_02205.JPEG,0,0
test_02206.JPEG,0,0
test_02207.JPEG,0,0
test_02208.JPEG,0,0
test_02209.JPEG,0,0
test_02210.JPEG,0,0
test_02211.JPEG,0,0
test_02212.JPEG,0,0
test_02213.JPEG,0,0
test_02214.JPEG,0,0
test_02215.JPEG,0,0
test_02216.JPEG,0,0
test_02217.JPEG,0,0
test_02218.JPEG,0,0
test_02219.JPEG,0,0
test_02220.JPEG,0,0
test_02221.JPEG,0,0
test_02222.JPEG,0,0
test_02223.JPEG,0,0
test_02224.JPEG,0,0
test_02225.JPEG,0,0
test_02226.JPEG,0,0
test_02227.JPEG,0,0
test_02228.JPEG,0,0
test_02229.JPEG,0,0
test_02230.JPEG,0,0
test_02231.JPEG,0,0
test_02232.JPEG,0,0
test_02233.JPEG,0,0
test_02234.JPEG,0,0
test_02235.JPEG,0,0
test_02236.JPEG,0,0
test_02237.JPEG,0,0
test_02238.JPEG,0,0
test_02239.JPEG,0,0
test_02240.JPEG,0,0
test_02241.JPEG,0,0
test_02242.JPEG,0,0
test_02243.JPEG,0,0
test_02244.JPEG,0,0
test_02245.JPEG,0,0
test_02246.JPEG,0,0
test_02247.JPEG,0,0
test_02248.JPEG,0,0
test_02249.JPEG,0,0
test_02250.JPEG,0,0
test_02251.JPEG,0,0
test_02252.JPEG,0,0
test_02253.JPEG,0,0
test_02254.JPEG,0,0
test_02255.JPEG,0,0
test_02256.JPEG,0,0
test_02257.JPEG,0,0
test_02258.JPEG,0,0
test_02259.JPEG,0,0
test_02260.JPEG,0,0
test_02261.JPEG,0,0
test_02262.JPEG,0,0
test_02263.JPEG,0,0
test_02264.JPEG,0,0
test_02265.JPEG,0,0
test_02266.JPEG,0,0
test_02267.JPEG,0,0
test_02268.JPEG,0,0
test_02269.JPEG,0,0
test_02270.JPEG,0,0
test_02271.JPEG,0,0
test_02272.JPEG,0,0
test_02273.JPEG,0,0
test_02274.JPEG,0,0
test_02275.JPEG,0,0
test_02276.JPEG,0,0
test_02277.JPEG,0,0
test_02278.JPEG,0,0
test_02279.JPEG,0,0
test_02280.JPEG,0,0
test_02281.JPEG,0,0
test_02282.JPEG,0,0
test_02283.JPEG,0,0
test_02284.JPEG,0,0
test_02285.JPEG,0,0
test_02286.JPEG,0,0
test_02287.JPEG,0,0
test_02288.JPEG,0,0
test_02289.JPEG,0,0
test_02290.JPEG,0,0
test_02291.JPEG,0,0
test_02292.JPEG,0,0
test_02293.JPEG,0,0
test_02294.JPEG,0,0
test_02295.JPEG,0,0
test_02296.JPEG,0,0
test_02297.JPEG,0,0
test_02298.JPEG,0,0
test_02299.JPEG,0,0
test_02300.JPEG,0,0
test_02301.JPEG,0,0
test_02302.JPEG,0,0
test_02303.JPEG,0,0
test_02304.JPEG,0,0
test_02305.JPEG,0,0
test_02306.JPEG,0,0
test_02307.JPEG,0,0
test_02308.JPEG,0,0
test_02309.JPEG,0,0
test_02310.JPEG,0,0
test_02311.JPEG,0,0
test_02312.JPEG,0,0
test_02313.JPEG,0,0
test_02314.JPEG,0,0
test_02315.JPEG,0,0
test_02316.JPEG,0,0
test_02317.JPEG,0,0
test_02318.JPEG,0,0
test_02319.JPEG,0,0
test_02320.JPEG,0,0
test_02321.JPEG,0,0
test_02322.JPEG,0,0
test_02323.JPEG,0,0
test_02324.JPEG,0,0
test_02325.JPEG,0,0
test_02326.JPEG,0,0
test_02327.JPEG,0,0
test_02328.JPEG,0,0
test_02329.JPEG,0,0
test_02330.JPEG,0,0
test_02331.JPEG,0,0
test_02332.JPEG,0,0
test_02333.JPEG,0,0
test_02334.JPEG,0,0
test_02335.JPEG,0,0
test_02336.JPEG,0,0
test_02337.JPEG,0,0
test_02338.JPEG,0,0
test_02339.JPEG,0,0
test_02340.JPEG,0,0
test_02341.JPEG,0,0
test_02342.JPEG,0,0
test_02343.JPEG,0,0
test_02344.JPEG,0,0
test_02345.JPEG,0,0
test_02346.JPEG,0,0
test_02347.JPEG,0,0
test_02348.JPEG,0,0
test_02349.JPEG,0,0
test_02350.JPEG,0,0
test_02351.JPEG,0,0
test_02352.JPEG,0,0
test_02353.JPEG,0,0
test_02354.JPEG,0,0
test_02355.JPEG,0,0
test_02356.JPEG,0,0
test_02357.JPEG,0,0
test_02358.JPEG,0,0
test_02359.JPEG,0,0
test_02360.JPEG,0,0
test_02361.JPEG,0,0
test_02362.JPEG,0,0
test_02363.JPEG,0,0
test_02364.JPEG,0,0
test_02365.JPEG,0,0
test_02366.JPEG,0,0
test_02367.JPEG,0,0
test_02368.JPEG,0,0
test_02369.JPEG,0,0
test_02370.JPEG,0,0
test_02371.JPEG,0,0
test_02372.JPEG,0,0
test_02373.JPEG,0,0
test_02374.JPEG,0,0
test_02375.JPEG,0,0
test_02376.JPEG,0,0
test_02377.JPEG,0,0
test_02378.JPEG,0,0
test_02379.JPEG,0,0
test_02380.JPEG,0,0
test_02381.JPEG,0,0
test_02382.JPEG,0,0
test_02383.JPEG,0,0
test_02384.JPEG,0,0
test_02385.JPEG,0,0
test_02386.JPEG,0,0
test_02387.JPEG,0,0
test_02388.JPEG,0,0
test_02389.JPEG,0,0
test_02390.JPEG,0,0
test_02391.JPEG,0,0
test_02392.JPEG,0,0
test_02393.JPEG,0,0
test_02394.JPEG,0,0
test_02395.JPEG,0,0
test_02396.JPEG,0,0
test_02397.JPEG,0,0
test_02398.JPEG,0,0
test_02399.JPEG,0,0
test_02400.JPEG,0,0
test_02401.JPEG,0,0
test_02402.JPEG,0,0
test_02403.JPEG,0,0
test_02404.JPEG,0,0
test_02405.JPEG,0,0
test_02406.JPEG,0,0
test_02407.JPEG,0,0
test_02408.JPEG,0,0
test_02409.JPEG,0,0
test_02410.JPEG,0,0
test_02411.JPEG,0,0
test_02412.JPEG,0,0
test_02413.JPEG,0,0
test_02414.JPEG,0,0
test_02415.JPEG,0,0
test_02416.JPEG,0,0
test_02417.JPEG,0,0
test_02418.JPEG,0,0
test_02419.JPEG,0,0
test_02420.JPEG,0,0
test_02421.JPEG,0,0
test_02422.JPEG,0,0
test_02423.JPEG,0,0
test_02424.JPEG,0,0
test_02425.JPEG,0,0
test_02426.JPEG,0,0
test_02427.JPEG,0,0
test_02428.JPEG,0,0
test_02429.JPEG,0,0
test_02430.JPEG,0,0
test_02431.JPEG,0,0
test_02432.JPEG,0,0
test_02433.JPEG,0,0
test_02434.JPEG,0,0
test_02435.JPEG,0,0
test_02436.JPEG,0,0
test_02437.JPEG,0,0
test_02438.JPEG,0,0
test_02439.JPEG,0,0
test_02440.JPEG,0,0
test_02441.JPEG,0,0
test_02442.JPEG,0,0
test_02443.JPEG,0,0
test_02444.JPEG,0,0
test_02445.JPEG,0,0
test_02446.JPEG,0,0
test_02447.JPEG,0,0
test_02448.JPEG,0,0
test_02449.JPEG,0,0
test_02450.JPEG,0,0
test_02451.JPEG,0,0
test_02452.JPEG,0,0
test_02453.JPEG,0,0
test_02454.JPEG,0,0
test_02455.JPEG,0,0
test_02456.JPEG,0,0
test_02457.JPEG,0,0
test_02458.JPEG,0,0
test_02459.JPEG,0,0
test_02460.JPEG,0,0
test_02461.JPEG,0,0
test_02462.JPEG,0,0
test_02463.JPEG,0,0
test_02464.JPEG,0,0
test_02465.JPEG,0,0
test_02466.JPEG,0,0
test_02467.JPEG,0,0
test_02468.JPEG,0,0
test_02469.JPEG,0,0
test_02470.JPEG,0,0
test_02471.JPEG,0,0
test_02472.JPEG,0,0
test_02473.JPEG,0,0
test_02474.JPEG,0,0
test_02475.JPEG,0,0
test_02476.JPEG,0,0
test_02477.JPEG,0,0
test_02478.JPEG,0,0
test_02479.JPEG,0,0
test_02480.JPEG,0,0
test_02481.JPEG,0,0
test_02482.JPEG,0,0
test_02483.JPEG,0,0
test_02484.JPEG,0,0
test_02485.JPEG,0,0
test_02486.JPEG,0,0
test_02487.JPEG,0,0
test_02488.JPEG,0,0
test_02489.JPEG,0,0
test_02490.JPEG,0,0
test_02491.JPEG,0,0
test_02492.JPEG,0,0
test_02493.JPEG,0,0
test_02494.JPEG,0,0
test_02495.JPEG,0,0
test_02496.JPEG,0,0
test_02497.JPEG,0,0
test_02498.JPEG,0,0
test_02499.JPEG,0,0
test_02500.JPEG,0,0
test_02501.JPEG,0,0
test_02502.JPEG,0,0
test_02503.JPEG,0,0
test_02504.JPEG,0,0
test_02505.JPEG,0,0
test_02506.JPEG,0,0
test_02507.JPEG,0,0
test_02508.JPEG,0,0
test_02509.JPEG,0,0
test_02510.JPEG,0,0
test_02511.JPEG,0,0
test_02512.JPEG,0,0
test_02513.JPEG,0,0
test_02514.JPEG,0,0
test_02515.JPEG,0,0
test_02516.JPEG,0,0
test_02517.JPEG,0,0
test_02518.JPEG,0,0
test_02519.JPEG,0,0
test_02520.JPEG,0,0
test_02521.JPEG,0,0
test_02522.JPEG,0,0
test_02523.JPEG,0,0
test_02524.JPEG,0,0
test_02525.JPEG,0,0
test_02526.JPEG,0,0
test_02527.JPEG,0,0
test_02528.JPEG,0,0
test_02529.JPEG,0,0
test_02530.JPEG,0,0
test_02531.JPEG,0,0
test_02532.JPEG,0,0
test_02533.JPEG,0,0
test_02534.JPEG,0,0
test_02535.JPEG,0,0
test_02536.JPEG,0,0
test_02537.JPEG,0,0
test_02538.JPEG,0,0
test_02539.JPEG,0,0
test_02540.JPEG,0,0
test_02541.JPEG,0,0
test_02542.JPEG,0,0
test_02543.JPEG,0,0
test_02544.JPEG,0,0
test_02545.JPEG,0,0
test_02546.JPEG,0,0
test_02547.JPEG,0,0
test_02548.JPEG,0,0
test_02549.JPEG,0,0
test_02550.JPEG,0,0
test_02551.JPEG,0,0
test_02552.JPEG,0,0
test_02553.JPEG,0,0
test_02554.JPEG,0,0
test_02555.JPEG,0,0
test_02556.JPEG,0,0
test_02557.JPEG,0,0
test_02558.JPEG,0,0
test_02559.JPEG,0,0
test_02560.JPEG,0,0
test_02561.JPEG,0,0
test_02562.JPEG,0,0
test_02563.JPEG,0,0
test_02564.JPEG,0,0
test_02565.JPEG,0,0
test_02566.JPEG,0,0
test_02567.JPEG,0,0
test_02568.JPEG,0,0
test_02569.JPEG,0,0
test_02570.JPEG,0,0
test_02571.JPEG,0,0
test_02572.JPEG,0,0
test_02573.JPEG,0,0
test_02574.JPEG,0,0
test_02575.JPEG,0,0
test_02576.JPEG,0,0
test_02577.JPEG,0,0
test_02578.JPEG,0,0
test_02579.JPEG,0,0
test_02580.JPEG,0,0
test_02581.JPEG,0,0
test_02582.JPEG,0,0
test_02583.JPEG,0,0
test_02584.JPEG,0,0
test_02585.JPEG,0,0
test_02586.JPEG,0,0
test_02587.JPEG,0,0
test_02588.JPEG,0,0
test_02589.JPEG,0,0
test_02590.JPEG,0,0
test_02591.JPEG,0,0
test_02592.JPEG,0,0
test_02593.JPEG,0,0
test_02594.JPEG,0,0
test_02595.JPEG,0,0
test_02596.JPEG,0,0
test_02597.JPEG,0,0
test_02598.JPEG,0,0
test_02599.JPEG,0,0
test_02600.JPEG,0,0
test_02601.JPEG,0,0
test_02602.JPEG,0,0
test_02603.JPEG,0,0
test_02604.JPEG,0,0
test_02605.JPEG,0,0
test_02606.JPEG,0,0
test_02607.JPEG,0,0
test_02608.JPEG,0,0
test_02609.JPEG,0,0
test_02610.JPEG,0,0
test_02611.JPEG,0,0
test_02612.JPEG,0,0
test_02613.JPEG,0,0
test_02614.JPEG,0,0
test_02615.JPEG,0,0
test_02616.JPEG,0,0
test_02617.JPEG,0,0
test_02618.JPEG,0,0
test_02619.JPEG,0,0
test_02620.JPEG,0,0
test_02621.JPEG,0,0
test_02622.JPEG,0,0
test_02623.JPEG,0,0
test_02624.JPEG,0,0
test_02625.JPEG,0,0
test_02626.JPEG,0,0
test_02627.JPEG,0,0
test_02628.JPEG,0,0
test_02629.JPEG,0,0
test_02630.JPEG,0,0
test_02631.JPEG,0,0
test_02632.JPEG,0,0
test_02633.JPEG,0,0
test_02634.JPEG,0,0
test_02635.JPEG,0,0
test_02636.JPEG,0,0
test_02637.JPEG,0,0
test_02638.JPEG,0,0
test_02639.JPEG,0,0
test_02640.JPEG,0,0
test_02641.JPEG,0,0
test_02642.JPEG,0,0
test_02643.JPEG,0,0
test_02644.JPEG,0,0
test_02645.JPEG,0,0
test_02646.JPEG,0,0
test_02647.JPEG,0,0
test_02648.JPEG,0,0
test_02649.JPEG,0,0
test_02650.JPEG,0,0
test_02651.JPEG,0,0
test_02652.JPEG,0,0
test_02653.JPEG,0,0
test_02654.JPEG,0,0
test_02655.JPEG,0,0
test_02656.JPEG,0,0
test_02657.JPEG,0,0
test_02658.JPEG,0,0
test_02659.JPEG,0,0
test_02660.JPEG,0,0
test_02661.JPEG,0,0
test_02662.JPEG,0,0
test_02663.JPEG,0,0
test_02664.JPEG,0,0
test_02665.JPEG,0,0
test_02666.JPEG,0,0
test_02667.JPEG,0,0
test_02668.JPEG,0,0
test_02669.JPEG,0,0
test_02670.JPEG,0,0
test_02671.JPEG,0,0
test_02672.JPEG,0,0
test_02673.JPEG,0,0
test_02674.JPEG,0,0
test_02675.JPEG,0,0
test_02676.JPEG,0,0
test_02677.JPEG,0,0
test_02678.JPEG,0,0
test_02679.JPEG,0,0
test_02680.JPEG,0,0
test_02681.JPEG,0,0
test_02682.JPEG,0,0
test_02683.JPEG,0,0
test_02684.JPEG,0,0
test_02685.JPEG,0,0
test_02686.JPEG,0,0
test_02687.JPEG,0,0
test_02688.JPEG,0,0
test_02689.JPEG,0,0
test_02690.JPEG,0,0
test_02691.JPEG,0,0
test_02692.JPEG,0,0
test_02693.JPEG,0,0
test_02694.JPEG,0,0
test_02695.JPEG,0,0
test_02696.JPEG,0,0
test_02697.JPEG,0,0
test_02698.JPEG,0,0
test_02699.JPEG,0,0
test_02700.JPEG,0,0
test_02701.JPEG,0,0
test_02702.JPEG,0,0
test_02703.JPEG,0,0
test_02704.JPEG,0,0
test_02705.JPEG,0,0
test_02706.JPEG,0,0
test_02707.JPEG,0,0
test_02708.JPEG,0,0
test_02709.JPEG,0,0
test_02710.JPEG,0,0
test_02711.JPEG,0,0
test_02712.JPEG,0,0
test_02713.JPEG,0,0
test_02714.JPEG,0,0
test_02715.JPEG,0,0
test_02716.JPEG,0,0
test_02717.JPEG,0,0
test_02718.JPEG,0,0
test_02719.JPEG,0,0
test_02720.JPEG,0,0
test_02721.JPEG,0,0
test_02722.JPEG,0,0
test_02723.JPEG,0,0
test_02724.JPEG,0,0
test_02725.JPEG,0,0
test_02726.JPEG,0,0
test_02727.JPEG,0,0
test_02728.JPEG,0,0
test_02729.JPEG,0,0
test_02730.JPEG,0,0
test_02731.JPEG,0,0
test_02732.JPEG,0,0
test_02733.JPEG,0,0
test_02734.JPEG,0,0
test_02735.JPEG,0,0
test_02736.JPEG,0,0
test_02737.JPEG,0,0
test_02738.JPEG,0,0
test_02739.JPEG,0,0
test_02740.JPEG,0,0
test_02741.JPEG,0,0
test_02742.JPEG,0,0
test_02743.JPEG,0,0
test_02744.JPEG,0,0
test_02745.JPEG,0,0
test_02746.JPEG,0,0
test_02747.JPEG,0,0
test_02748.JPEG,0,0
test_02749.JPEG,0,0
test_02750.JPEG,0,0
test_02751.JPEG,0,0
test_02752.JPEG,0,0
test_02753.JPEG,0,0
test_02754.JPEG,0,0
test_02755.JPEG,0,0
test_02756.JPEG,0,0
test_02757.JPEG,0,0
test_02758.JPEG,0,0
test_02759.JPEG,0,0
test_02760.JPEG,0,0
test_02761.JPEG,0,0
test_02762.JPEG,0,0
test_02763.JPEG,0,0
test_02764.JPEG,0,0
test_02765.JPEG,0,0
test_02766.JPEG,0,0
test_02767.JPEG,0,0
test_02768.JPEG,0,0
test_02769.JPEG,0,0
test_02770.JPEG,0,0
test_02771.JPEG,0,0
test_02772.JPEG,0,0
test_02773.JPEG,0,0
test_02774.JPEG,0,0
test_02775.JPEG,0,0
test_02776.JPEG,0,0
test_02777.JPEG,0,0
test_02778.JPEG,0,0
test_02779.JPEG,0,0
test_02780.JPEG,0,0
test_02781.JPEG,0,0
test_02782.JPEG,0,0
test_02783.JPEG,0,0
test_02784.JPEG,0,0
test_02785.JPEG,0,0
test_02786.JPEG,0,0
test_02787.JPEG,0,0
test_02788.JPEG,0,0
test_02789.JPEG,0,0
test_02790.JPEG,0,0
test_02791.JPEG,0,0
test_02792.JPEG,0,0
test_02793.JPEG,0,0
test_02794.JPEG,0,0
test_02795.JPEG,0,0
test_02796.JPEG,0,0
test_02797.JPEG,0,0
test_02798.JPEG,0,0
test_02799.JPEG,0,0
test_02800.JPEG,0,0
test_02801.JPEG,0,0
test_02802.JPEG,0,0
test_02803.JPEG,0,0
test_02804.JPEG,0,0
test_02805.JPEG,0,0
test_02806.JPEG,0,0
test_02807.JPEG,0,0
test_02808.JPEG,0,0
test_02809.JPEG,0,0
test_02810.JPEG,0,0
test_02811.JPEG,0,0
test_02812.JPEG,0,0
test_02813.JPEG,0,0
test_02814.JPEG,0,0
test_02815.JPEG,0,0
test_02816.JPEG,0,0
test_02817.JPEG,0,0
test_02818.JPEG,0,0
test_02819.JPEG,0,0
test_02820.JPEG,0,0
test_02821.JPEG,0,0
test_02822.JPEG,0,0
test_02823.JPEG,0,0
test_02824.JPEG,0,0
test_02825.JPEG,0,0
test_02826.JPEG,0,0
test_02827.JPEG,0,0
test_02828.JPEG,0,0
test_02829.JPEG,0,0
test_02830.JPEG,0,0
test_02831.JPEG,0,0
test_02832.JPEG,0,0
test_02833.JPEG,0,0
test_02834.JPEG,0,0
test_02835.JPEG,0,0
test_02836.JPEG,0,0
test_02837.JPEG,0,0
test_02838.JPEG,0,0
test_02839.JPEG,0,0
test_02840.JPEG,0,0
test_02841.JPEG,0,0
test_02842.JPEG,0,0
test_02843.JPEG,0,0
test_02844.JPEG,0,0
test_02845.JPEG,0,0
test_02846.JPEG,0,0
test_02847.JPEG,0,0
test_02848.JPEG,0,0
test_02849.JPEG,0,0
test_02850.JPEG,0,0
test_02851.JPEG,0,0
test_02852.JPEG,0,0
test_02853.JPEG,0,0
test_02854.JPEG,0,0
test_02855.JPEG,0,0
test_02856.JPEG,0,0
test_02857.JPEG,0,0
test_02858.JPEG,0,0
test_02859.JPEG,0,0
test_02860.JPEG,0,0
test_02861.JPEG,0,0
test_02862.JPEG,0,0
test_02863.JPEG,0,0
test_02864.JPEG,0,0
test_02865.JPEG,0,0
test_02866.JPEG,0,0
test_02867.JPEG,0,0
test_02868.JPEG,0,0
test_02869.JPEG,0,0
test_02870.JPEG,0,0
test_02871.JPEG,0,0
test_02872.JPEG,0,0
test_02873.JPEG,0,0
test_02874.JPEG,0,0
test_02875.JPEG,0,0
test_02876.JPEG,0,0
test_02877.JPEG,0,0
test_02878.JPEG,0,0
test_02879.JPEG,0,0
test_02880.JPEG,0,0
test_02881.JPEG,0,0
test_02882.JPEG,0,0
test_02883.JPEG,0,0
test_02884.JPEG,0,0
test_02885.JPEG,0,0
test_02886.JPEG,0,0
test_02887.JPEG,0,0
test_02888.JPEG,0,0
test_02889.JPEG,0,0
test_02890.JPEG,0,0
test_02891.JPEG,0,0
test_02892.JPEG,0,0
test_02893.JPEG,0,0
test_02894.JPEG,0,0
test_02895.JPEG,0,0
test_02896.JPEG,0,0
test_02897.JPEG,0,0
test_02898.JPEG,0,0
test_02899.JPEG,0,0
test_02900.JPEG,0,0
test_02901.JPEG,0,0
test_02902.JPEG,0,0
test_02903.JPEG,0,0
test_02904.JPEG,0,0
test_02905.JPEG,0,0
test_02906.JPEG,0,0
test_02907.JPEG,0,0
test_02908.JPEG,0,0
test_02909.JPEG,0,0
test_02910.JPEG,0,0
test_02911.JPEG,0,0
test_02912.JPEG,0,0
test_02913.JPEG,0,0
test_02914.JPEG,0,0
test_02915.JPEG,0,0
test_02916.JPEG,0,0
test_02917.JPEG,0,0
test_02918.JPEG,0,0
test_02919.JPEG,0,0
test_02920.JPEG,0,0
test_02921.JPEG,0,0
test_02922.JPEG,0,0
test_02923.JPEG,0,0
test_02924.JPEG,0,0
test_02925.JPEG,0,0
test_02926.JPEG,0,0
test_02927.JPEG,0,0
test_02928.JPEG,0,0
test_02929.JPEG,0,0
test_02930.JPEG,0,0
test_02931.JPEG,0,0
test_02932.JPEG,0,0
test_02933.JPEG,0,0
test_02934.JPEG,0,0
test_02935.JPEG,0,0
test_02936.JPEG,0,0
test_02937.JPEG,0,0
test_02938.JPEG,0,0
test_02939.JPEG,0,0
test_02940.JPEG,0,0
test_02941.JPEG,0,0
test_02942.JPEG,0,0
test_02943.JPEG,0,0
test_02944.JPEG,0,0
test_02945.JPEG,0,0
test_02946.JPEG,0,0
test_02947.JPEG,0,0
test_02948.JPEG,0,0
test_02949.JPEG,0,0
test_02950.JPEG,0,0
test_02951.JPEG,0,0
test_02952.JPEG,0,0
test_02953.JPEG,0,0
test_02954.JPEG,0,0
test_02955.JPEG,0,0
test_02956.JPEG,0,0
test_02957.JPEG,0,0
test_02958.JPEG,0,0
test_02959.JPEG,0,0
test_02960.JPEG,0,0
test_02961.JPEG,0,0
test_02962.JPEG,0,0
test_02963.JPEG,0,0
test_02964.JPEG,0,0
test_02965.JPEG,0,0
test_02966.JPEG,0,0
test_02967.JPEG,0,0
test_02968.JPEG,0,0
test_02969.JPEG,0,0
test_02970.JPEG,0,0
test_02971.JPEG,0,0
test_02972.JPEG,0,0
test_02973.JPEG,0,0
test_02974.JPEG,0,0
test_02975.JPEG,0,0
test_02976.JPEG,0,0
test_02977.JPEG,0,0
test_02978.JPEG,0,0
test_02979.JPEG,0,0
test_02980.JPEG,0,0
test_02981.JPEG,0,0
test_02982.JPEG,0,0
test_02983.JPEG,0,0
test_02984.JPEG,0,0
test_02985.JPEG,0,0
test_02986.JPEG,0,0
test_02987.JPEG,0,0
test_02988.JPEG,0,0
test_02989.JPEG,0,0
test_02990.JPEG,0,0
test_02991.JPEG,0,0
test_02992.JPEG,0,0
test_02993.JPEG,0,0
test_02994.JPEG,0,0
test_02995.JPEG,0,0
test_02996.JPEG,0,0
test_02997.JPEG,0,0
test_02998.JPEG,0,0
test_02999.JPEG,0,0
